"","x"
"1","P"
"2","A"
"3","A"
"4","P"
"5","A"
"6","L"
"7","S"
"8","A"
"9","A"
"10","D"
"11","T"
"12","K"
"13","P"
"14","G"
"15","T"
"16","T"
"17","G"
"18","S"
"19","G"
"20","A"
"21","G"
"22","S"
"23","G"
"24","G"
"25","P"
"26","G"
"27","G"
"28","L"
"29","T"
"30","S"
"31","A"
"32","A"
"33","P"
"34","A"
"35","G"
"36","G"
"37","D"
"38","K"
"39","K"
"40","V"
"41","I"
"42","A"
"43","T"
"44","K"
"45","V"
"46","L"
"47","G"
"48","T"
"49","V"
"50","K"
"51","W"
"52","F"
"53","N"
"54","V"
"55","R"
"56","N"
"57","G"
"58","Y"
"59","G"
"60","F"
"61","I"
"62","N"
"63","R"
"64","N"
"65","D"
"66","T"
"67","K"
"68","E"
"69","D"
"70","V"
"71","F"
"72","V"
"73","H"
"74","Q"
"75","T"
"76","A"
"77","I"
"78","K"
"79","K"
"80","N"
"81","N"
"82","P"
"83","R"
"84","K"
"85","Y"
"86","L"
"87","R"
"88","S"
"89","V"
"90","G"
"91","D"
"92","G"
"93","E"
"94","T"
"95","V"
"96","E"
"97","F"
"98","D"
"99","V"
"100","V"
"101","E"
"102","G"
"103","E"
"104","K"
"105","G"
"106","A"
"107","E"
"108","A"
"109","A"
"110","N"
"111","V"
"112","T"
"113","G"
"114","P"
"115","G"
"116","G"
"117","V"
"118","P"
"119","V"
"120","Q"
"121","G"
"122","S"
"123","K"
"124","Y"
"125","A"
"126","A"
"127","D"
"128","R"
"129","N"
"130","H"
"131","Y"
"132","R"
"133","R"
"134","Y"
"135","P"
"136","R"
"137","R"
"138","R"
"139","G"
"140","P"
"141","P"
"142","R"
"143","N"
"144","Y"
"145","Q"
"146","Q"
"147","N"
"148","Y"
"149","Q"
"150","N"
"151","S"
"152","E"
"153","S"
"154","G"
"155","E"
"156","K"
"157","N"
"158","E"
"159","G"
"160","S"
"161","E"
"162","S"
"163","A"
"164","P"
"165","E"
"166","G"
"167","Q"
"168","A"
"169","Q"
"170","Q"
"171","R"
"172","R"
"173","P"
"174","Y"
"175","R"
"176","R"
"177","R"
"178","R"
"179","F"
"180","P"
"181","P"
"182","Y"
"183","Y"
"184","M"
"185","R"
"186","R"
"187","P"
"188","Y"
"189","G"
"190","R"
"191","R"
"192","P"
"193","Q"
"194","Y"
"195","S"
"196","N"
"197","P"
"198","P"
"199","V"
"200","Q"
"201","G"
"202","E"
"203","V"
"204","M"
"205","E"
"206","G"
"207","A"
"208","D"
"209","N"
"210","Q"
"211","G"
"212","A"
"213","G"
"214","E"
"215","Q"
"216","G"
"217","R"
"218","-"
"219","P"
"220","V"
"221","R"
"222","Q"
"223","N"
"224","M"
"225","Y"
"226","R"
"227","G"
"228","Y"
"229","R"
"230","P"
"231","R"
"232","F"
"233","R"
"234","R"
"235","G"
"236","P"
"237","P"
"238","R"
"239","Q"
"240","R"
"241","Q"
"242","P"
"243","R"
"244","E"
"245","D"
"246","G"
"247","N"
"248","E"
"249","E"
"250","D"
"251","K"
"252","E"
"253","N"
"254","Q"
"255","G"
"256","D"
"257","E"
"258","T"
"259","Q"
"260","G"
"261","Q"
"262","Q"
"263","P"
"264","P"
"265","Q"
"266","R"
"267","R"
"268","Y"
"269","R"
"270","R"
"271","N"
"272","F"
"273","N"
"274","Y"
"275","R"
"276","R"
"277","R"
"278","R"
"279","P"
"280","E"
"281","N"
"282","P"
"283","K"
"284","P"
"285","Q"
"286","D"
"287","G"
"288","K"
"289","E"
"290","T"
"291","K"
"292","A"
"293","A"
"294","D"
"295","P"
"296","P"
"297","A"
"298","E"
"299","N"
"300","S"
"301","S"
"302","A"
"303","P"
"304","E"
"305","A"
"306","E"
"307","Q"
"308","G"
"309","G"
"310","A"
"311","E"
